Order_ID,Distance_km,Preparation_Time_min,Courier_Experience_yrs,Delivery_Time_min,Speed,Weather_Index,Traffic_Level_Index,Time_of_Day_Index,Vehicle_Type_Index,Speed_km_per_min
522,7.93,12,1.0,43,0.18441860465116278,4.0,1.0,2.0,1.0,0.18441860465116278
738,16.42,20,2.0,84,0.1954761904761905,0.0,0.0,1.0,0.0,0.1954761904761905
741,9.52,28,1.0,59,0.1613559322033898,2.0,1.0,3.0,1.0,0.1613559322033898
661,7.44,5,1.0,37,0.20108108108108108,1.0,0.0,2.0,1.0,0.20108108108108108
412,19.03,16,5.0,68,0.2798529411764706,0.0,1.0,0.0,0.0,0.2798529411764706
679,19.4,8,9.0,57,0.3403508771929824,0.0,1.0,1.0,1.0,0.3403508771929824
514,17.39,5,6.0,46,0.3780434782608696,0.0,0.0,1.0,1.0,0.3780434782608696
860,1.78,20,6.0,35,0.05085714285714286,3.0,1.0,1.0,2.0,0.05085714285714286
137,10.62,29,1.0,73,0.1454794520547945,2.0,1.0,1.0,1.0,0.1454794520547945
812,16.86,13,4.0,88,0.1915909090909091,3.0,0.0,2.0,2.0,0.1915909090909091
77,15.54,29,1.0,76,0.2044736842105263,0.0,1.0,3.0,0.0,0.2044736842105263
637,10.89,12,5.0,53,0.20547169811320756,0.0,2.0,3.0,0.0,0.20547169811320756
974,4.69,12,7.0,36,0.1302777777777778,1.0,0.0,1.0,1.0,0.1302777777777778
900,2.17,15,3.0,35,0.062,3.0,1.0,1.0,2.0,0.062
281,17.86,5,1.0,50,0.35719999999999996,1.0,1.0,2.0,0.0,0.35719999999999996
884,2.53,6,8.0,24,0.10541666666666666,3.0,1.0,0.0,0.0,0.10541666666666666
762,6.58,6,7.0,27,0.2437037037037037,2.0,1.0,1.0,2.0,0.2437037037037037
320,5.38,26,1.0,47,0.11446808510638298,0.0,0.0,1.0,1.0,0.11446808510638298
550,15.56,28,0.0,72,0.21611111111111111,1.0,1.0,2.0,1.0,0.21611111111111111
175,13.08,16,4.0,58,0.22551724137931034,1.0,1.0,0.0,2.0,0.22551724137931034
372,0.86,26,5.0,37,0.023243243243243242,0.0,2.0,2.0,0.0,0.023243243243243242
528,5.83,27,9.0,56,0.10410714285714286,0.0,2.0,1.0,2.0,0.10410714285714286
236,14.59,15,6.0,64,0.22796875,0.0,0.0,0.0,0.0,0.22796875
102,12.91,11,6.0,56,0.2305357142857143,4.0,0.0,1.0,0.0,0.2305357142857143
987,13.92,18,4.0,70,0.19885714285714284,3.0,1.0,0.0,1.0,0.19885714285714284
903,4.04,11,9.0,70,0.05771428571428572,3.0,1.0,3.0,0.0,0.05771428571428572
948,18.05,10,7.0,123,0.1467479674796748,0.0,0.0,1.0,1.0,0.1467479674796748
347,12.88,8,5.0,52,0.2476923076923077,0.0,0.0,0.0,1.0,0.2476923076923077
140,19.45,20,6.0,108,0.18009259259259258,1.0,2.0,0.0,1.0,0.18009259259259258
622,4.58,22,9.0,45,0.10177777777777777,0.0,2.0,0.0,1.0,0.10177777777777777
500,19.73,27,4.0,111,0.17774774774774776,2.0,0.0,1.0,0.0,0.17774774774774776
371,2.47,27,2.0,44,0.056136363636363644,4.0,0.0,0.0,0.0,0.056136363636363644
199,17.8,16,9.0,73,0.24383561643835616,3.0,0.0,0.0,0.0,0.24383561643835616
688,5.96,22,7.0,45,0.13244444444444445,0.0,0.0,2.0,0.0,0.13244444444444445
585,12.85,18,7.0,61,0.21065573770491802,4.0,0.0,2.0,1.0,0.21065573770491802
902,1.02,25,4.0,34,0.03,0.0,0.0,2.0,0.0,0.03
60,6.84,14,8.0,47,0.14553191489361703,1.0,0.0,3.0,2.0,0.14553191489361703
329,8.68,8,5.0,52,0.16692307692307692,1.0,0.0,0.0,0.0,0.16692307692307692
97,10.69,25,9.0,67,0.15955223880597014,0.0,0.0,3.0,0.0,0.15955223880597014
975,1.11,5,6.0,8,0.13875,0.0,1.0,0.0,0.0,0.13875
300,2.16,15,0.0,36,0.060000000000000005,3.0,1.0,1.0,1.0,0.060000000000000005
278,13.17,16,4.0,67,0.19656716417910447,4.0,0.0,2.0,0.0,0.19656716417910447
925,8.79,14,6.0,43,0.20441860465116277,3.0,1.0,3.0,0.0,0.20441860465116277
602,5.93,19,3.0,36,0.16472222222222221,0.0,1.0,2.0,1.0,0.16472222222222221
440,2.09,23,2.0,36,0.058055555555555555,1.0,1.0,3.0,0.0,0.058055555555555555
838,7.57,21,0.0,56,0.13517857142857143,0.0,1.0,0.0,0.0,0.13517857142857143
571,10.52,8,4.0,56,0.18785714285714286,1.0,0.0,2.0,1.0,0.18785714285714286
880,4.83,25,9.0,47,0.10276595744680851,1.0,1.0,0.0,2.0,0.10276595744680851
262,19.81,20,5.0,104,0.19048076923076923,3.0,0.0,2.0,2.0,0.19048076923076923
579,10.1,8,4.0,50,0.20199999999999999,1.0,1.0,1.0,2.0,0.20199999999999999
24,7.64,10,8.0,31,0.2464516129032258,4.0,1.0,2.0,2.0,0.2464516129032258
31,12.35,10,6.0,35,0.35285714285714287,0.0,1.0,0.0,1.0,0.35285714285714287
618,5.9,26,9.0,44,0.1340909090909091,1.0,1.0,1.0,2.0,0.1340909090909091
11,0.9,20,8.0,23,0.0391304347826087,0.0,1.0,2.0,0.0,0.0391304347826087
222,11.58,16,2.0,61,0.1898360655737705,0.0,0.0,0.0,1.0,0.1898360655737705
821,16.16,11,1.0,82,0.19707317073170733,0.0,2.0,2.0,0.0,0.19707317073170733
297,15.51,17,9.0,69,0.22478260869565217,0.0,1.0,1.0,0.0,0.22478260869565217
55,12.16,11,0.0,69,0.17623188405797102,4.0,2.0,1.0,1.0,0.17623188405797102
543,4.96,21,0.0,60,0.08266666666666667,1.0,2.0,0.0,0.0,0.08266666666666667
210,3.64,17,6.0,40,0.091,4.0,2.0,1.0,0.0,0.091
605,2.85,26,0.0,38,0.075,0.0,1.0,0.0,1.0,0.075
693,10.4,16,4.0,52,0.2,0.0,1.0,1.0,0.0,0.2
663,12.31,29,4.0,68,0.18102941176470588,4.0,1.0,0.0,0.0,0.18102941176470588
867,3.53,13,7.0,31,0.11387096774193547,0.0,0.0,2.0,0.0,0.11387096774193547
71,15.56,14,3.0,54,0.28814814814814815,0.0,0.0,1.0,0.0,0.28814814814814815
544,13.6,27,0.0,87,0.15632183908045977,0.0,0.0,2.0,0.0,0.15632183908045977
108,15.23,5,0.0,62,0.2456451612903226,3.0,2.0,0.0,0.0,0.2456451612903226
591,3.21,16,0.0,42,0.07642857142857143,1.0,2.0,3.0,1.0,0.07642857142857143
742,6.38,16,1.0,111,0.05747747747747747,3.0,1.0,1.0,0.0,0.05747747747747747
293,16.54,6,7.0,51,0.32431372549019605,1.0,1.0,2.0,1.0,0.32431372549019605
290,12.02,9,7.0,41,0.29317073170731706,0.0,1.0,0.0,2.0,0.29317073170731706
653,11.94,20,3.0,69,0.17304347826086955,0.0,1.0,1.0,0.0,0.17304347826086955
40,9.08,14,5.0,49,0.1853061224489796,0.0,1.0,2.0,1.0,0.1853061224489796
590,3.46,23,3.0,48,0.07208333333333333,3.0,0.0,0.0,1.0,0.07208333333333333
308,6.8,13,7.0,46,0.14782608695652175,2.0,0.0,0.0,1.0,0.14782608695652175
680,17.38,11,2.0,92,0.18891304347826085,1.0,0.0,2.0,1.0,0.18891304347826085
67,3.25,23,7.0,32,0.1015625,0.0,1.0,0.0,0.0,0.1015625
276,10.28,29,3.0,71,0.14478873239436618,0.0,0.0,1.0,1.0,0.14478873239436618
68,16.14,6,9.0,65,0.2483076923076923,0.0,1.0,3.0,2.0,0.2483076923076923
319,3.55,23,0.0,43,0.08255813953488372,0.0,0.0,1.0,0.0,0.08255813953488372
999,19.03,26,5.0,68,0.2798529411764706,0.0,1.0,2.0,2.0,0.2798529411764706
715,7.3,14,7.0,28,0.26071428571428573,0.0,1.0,3.0,1.0,0.26071428571428573
754,7.03,21,1.0,44,0.1597727272727273,0.0,1.0,1.0,1.0,0.1597727272727273
328,12.43,12,0.0,70,0.17757142857142857,3.0,1.0,2.0,2.0,0.17757142857142857
452,11.39,14,1.0,72,0.15819444444444444,1.0,2.0,1.0,1.0,0.15819444444444444
523,19.41,7,3.0,48,0.404375,0.0,1.0,0.0,2.0,0.404375
219,13.17,17,8.0,69,0.1908695652173913,1.0,2.0,1.0,1.0,0.1908695652173913
788,8.32,12,2.0,49,0.16979591836734695,1.0,1.0,2.0,2.0,0.16979591836734695
765,1.15,26,4.0,30,0.03833333333333333,0.0,1.0,2.0,1.0,0.03833333333333333
89,17.8,12,9.0,73,0.24383561643835616,4.0,2.0,2.0,2.0,0.24383561643835616
64,7.46,8,5.0,42,0.17761904761904762,0.0,0.0,1.0,0.0,0.17761904761904762
827,7.25,18,4.0,45,0.16111111111111112,0.0,0.0,2.0,1.0,0.16111111111111112
717,16.7,28,1.0,76,0.21973684210526315,0.0,0.0,2.0,1.0,0.21973684210526315
352,17.2,14,2.0,94,0.1829787234042553,1.0,2.0,2.0,1.0,0.1829787234042553
937,0.86,21,7.0,28,0.030714285714285715,0.0,0.0,2.0,2.0,0.030714285714285715
257,18.76,15,2.0,80,0.23450000000000001,0.0,0.0,1.0,2.0,0.23450000000000001
636,9.22,18,9.0,57,0.1617543859649123,0.0,0.0,2.0,2.0,0.1617543859649123
645,2.84,24,2.0,35,0.08114285714285714,0.0,1.0,1.0,1.0,0.08114285714285714
555,17.59,24,6.0,69,0.2549275362318841,0.0,1.0,0.0,0.0,0.2549275362318841
960,14.89,17,6.0,87,0.17114942528735633,3.0,2.0,0.0,1.0,0.17114942528735633
169,1.3,22,4.0,31,0.041935483870967745,0.0,0.0,1.0,0.0,0.041935483870967745
918,18.99,10,6.0,70,0.27128571428571424,1.0,2.0,2.0,0.0,0.27128571428571424
824,8.26,15,1.0,57,0.14491228070175438,3.0,1.0,2.0,0.0,0.14491228070175438
986,10.16,12,5.0,52,0.19538461538461538,0.0,2.0,3.0,0.0,0.19538461538461538
87,14.73,24,6.0,74,0.19905405405405405,1.0,1.0,2.0,0.0,0.19905405405405405
433,12.56,17,5.0,69,0.1820289855072464,0.0,2.0,1.0,0.0,0.1820289855072464
185,5.53,19,1.0,44,0.1256818181818182,0.0,0.0,2.0,0.0,0.1256818181818182
979,10.18,25,3.0,73,0.13945205479452055,2.0,0.0,0.0,0.0,0.13945205479452055
535,15.5,28,9.0,91,0.17032967032967034,0.0,0.0,0.0,1.0,0.17032967032967034
893,16.69,8,2.0,65,0.2567692307692308,2.0,0.0,1.0,1.0,0.2567692307692308
426,11.22,25,5.0,79,0.14202531645569622,4.0,2.0,1.0,0.0,0.14202531645569622
714,8.53,8,2.0,41,0.20804878048780487,0.0,1.0,1.0,1.0,0.20804878048780487
261,12.49,25,4.0,77,0.16220779220779222,0.0,0.0,0.0,0.0,0.16220779220779222
238,0.97,24,8.0,26,0.037307692307692306,0.0,1.0,3.0,1.0,0.037307692307692306
560,12.6,8,6.0,58,0.21724137931034482,4.0,0.0,2.0,2.0,0.21724137931034482
584,6.91,28,9.0,56,0.12339285714285715,0.0,0.0,1.0,1.0,0.12339285714285715
446,18.97,25,4.0,141,0.13453900709219857,0.0,1.0,1.0,2.0,0.13453900709219857
801,14.29,14,7.0,78,0.1832051282051282,4.0,0.0,0.0,0.0,0.1832051282051282
600,1.3,19,5.0,29,0.04482758620689655,2.0,1.0,1.0,0.0,0.04482758620689655
850,12.11,9,5.0,59,0.20525423728813558,1.0,1.0,0.0,0.0,0.20525423728813558
266,14.94,11,0.0,62,0.24096774193548387,0.0,0.0,0.0,0.0,0.24096774193548387
996,2.29,8,8.0,80,0.028625,1.0,2.0,2.0,2.0,0.028625
530,17.36,24,1.0,105,0.16533333333333333,1.0,2.0,2.0,0.0,0.16533333333333333
56,18.48,8,0.0,82,0.2253658536585366,0.0,0.0,3.0,0.0,0.2253658536585366
121,16.25,10,5.0,91,0.17857142857142858,2.0,2.0,0.0,0.0,0.17857142857142858
216,5.13,15,4.0,30,0.17099999999999999,0.0,1.0,0.0,2.0,0.17099999999999999
73,0.61,10,0.0,16,0.038125,0.0,1.0,2.0,1.0,0.038125
45,5.55,18,1.0,116,0.047844827586206895,2.0,2.0,1.0,0.0,0.047844827586206895
722,4.03,9,5.0,25,0.1612,0.0,0.0,1.0,0.0,0.1612
282,7.09,13,8.0,37,0.1916216216216216,3.0,1.0,0.0,1.0,0.1916216216216216
894,8.25,7,9.0,28,0.29464285714285715,0.0,0.0,2.0,0.0,0.29464285714285715
915,11.26,5,6.0,49,0.22979591836734695,0.0,1.0,3.0,0.0,0.22979591836734695
811,19.7,10,2.0,60,0.3283333333333333,1.0,1.0,1.0,0.0,0.3283333333333333
245,0.8,14,9.0,36,0.022222222222222223,3.0,2.0,1.0,0.0,0.022222222222222223
823,7.0,17,9.0,49,0.14285714285714285,1.0,0.0,1.0,0.0,0.14285714285714285
322,14.43,14,4.0,113,0.12769911504424777,0.0,0.0,0.0,2.0,0.12769911504424777
644,6.89,11,6.0,43,0.16023255813953488,1.0,0.0,2.0,0.0,0.16023255813953488
159,5.13,25,1.0,60,0.08549999999999999,2.0,0.0,1.0,2.0,0.08549999999999999
978,1.5,10,1.0,17,0.08823529411764706,0.0,1.0,2.0,0.0,0.08823529411764706
942,11.31,7,0.0,54,0.20944444444444446,0.0,0.0,1.0,0.0,0.20944444444444446
463,15.05,12,2.0,66,0.22803030303030303,0.0,0.0,1.0,2.0,0.22803030303030303
310,5.78,9,9.0,33,0.17515151515151517,2.0,1.0,2.0,1.0,0.17515151515151517
698,11.83,9,7.0,32,0.3696875,0.0,1.0,1.0,1.0,0.3696875
61,8.08,25,2.0,61,0.13245901639344262,2.0,1.0,0.0,0.0,0.13245901639344262
885,16.1,25,0.0,64,0.2515625,0.0,1.0,1.0,0.0,0.2515625
596,9.74,7,8.0,37,0.2632432432432433,1.0,0.0,1.0,1.0,0.2632432432432433
768,17.6,27,3.0,69,0.255072463768116,0.0,1.0,2.0,0.0,0.255072463768116
650,10.22,18,1.0,68,0.15029411764705883,3.0,0.0,3.0,0.0,0.15029411764705883
651,2.19,26,3.0,32,0.0684375,0.0,1.0,1.0,0.0,0.0684375
866,11.41,17,4.0,68,0.16779411764705882,4.0,0.0,2.0,1.0,0.16779411764705882
669,4.14,14,2.0,30,0.13799999999999998,0.0,0.0,0.0,1.0,0.13799999999999998
299,12.65,18,8.0,60,0.21083333333333334,1.0,1.0,2.0,0.0,0.21083333333333334
311,9.06,23,4.0,47,0.19276595744680852,0.0,0.0,1.0,0.0,0.19276595744680852
362,13.04,20,6.0,65,0.2006153846153846,0.0,0.0,0.0,1.0,0.2006153846153846
480,10.7,8,5.0,44,0.24318181818181817,0.0,0.0,2.0,1.0,0.24318181818181817
111,6.15,26,5.0,48,0.12812500000000002,2.0,1.0,1.0,1.0,0.12812500000000002
990,16.47,20,9.0,75,0.2196,3.0,2.0,1.0,1.0,0.2196
487,1.39,15,4.0,24,0.057916666666666665,0.0,0.0,2.0,0.0,0.057916666666666665
364,11.14,7,3.0,47,0.2370212765957447,1.0,0.0,0.0,1.0,0.2370212765957447
255,3.81,5,6.0,31,0.12290322580645162,1.0,2.0,2.0,0.0,0.12290322580645162
260,2.39,27,7.0,43,0.055581395348837215,1.0,0.0,1.0,0.0,0.055581395348837215
803,11.74,6,3.0,54,0.2174074074074074,0.0,2.0,1.0,2.0,0.2174074074074074
495,9.54,11,5.0,47,0.2029787234042553,1.0,0.0,1.0,1.0,0.2029787234042553
671,3.88,16,2.0,35,0.11085714285714285,0.0,0.0,0.0,0.0,0.11085714285714285
378,0.95,27,0.0,44,0.02159090909090909,1.0,0.0,0.0,2.0,0.02159090909090909
527,8.59,17,8.0,36,0.2386111111111111,0.0,1.0,3.0,1.0,0.2386111111111111
846,8.59,22,2.0,43,0.1997674418604651,0.0,1.0,1.0,0.0,0.1997674418604651
356,13.03,9,1.0,50,0.2606,2.0,1.0,0.0,1.0,0.2606
366,8.03,14,8.0,42,0.1911904761904762,0.0,1.0,1.0,1.0,0.1911904761904762
943,13.2,14,3.0,62,0.2129032258064516,3.0,1.0,0.0,2.0,0.2129032258064516
750,12.67,10,3.0,65,0.19492307692307692,0.0,0.0,1.0,2.0,0.19492307692307692
830,9.32,6,5.0,30,0.3106666666666667,0.0,1.0,0.0,1.0,0.3106666666666667
657,6.03,8,6.0,46,0.13108695652173913,1.0,2.0,2.0,2.0,0.13108695652173913
200,15.71,28,5.0,69,0.22768115942028988,0.0,1.0,2.0,1.0,0.22768115942028988
214,4.87,16,7.0,54,0.09018518518518519,3.0,2.0,1.0,0.0,0.09018518518518519
409,18.15,22,7.0,108,0.16805555555555554,1.0,2.0,0.0,0.0,0.16805555555555554
333,0.78,6,1.0,17,0.04588235294117647,0.0,0.0,0.0,0.0,0.04588235294117647
209,0.6,26,3.0,30,0.02,0.0,1.0,2.0,0.0,0.02
614,2.09,5,5.0,16,0.130625,0.0,0.0,1.0,0.0,0.130625
30,1.41,15,0.0,72,0.01958333333333333,2.0,0.0,1.0,0.0,0.01958333333333333
536,18.92,27,4.0,100,0.1892,0.0,2.0,0.0,1.0,0.1892
696,12.41,10,1.0,51,0.24333333333333335,0.0,0.0,0.0,2.0,0.24333333333333335
837,18.34,9,4.0,92,0.19934782608695653,0.0,2.0,3.0,0.0,0.19934782608695653
597,13.52,27,1.0,82,0.1648780487804878,0.0,1.0,0.0,1.0,0.1648780487804878
166,16.79,24,6.0,85,0.19752941176470587,2.0,2.0,2.0,0.0,0.19752941176470587
919,15.39,24,5.0,89,0.17292134831460676,0.0,0.0,1.0,1.0,0.17292134831460676
496,7.39,25,6.0,60,0.12316666666666666,1.0,0.0,0.0,1.0,0.12316666666666666
825,10.98,10,6.0,55,0.19963636363636364,1.0,1.0,0.0,1.0,0.19963636363636364
66,11.08,9,0.0,57,0.1943859649122807,3.0,0.0,0.0,0.0,0.1943859649122807
142,5.41,14,5.0,36,0.1502777777777778,0.0,0.0,3.0,0.0,0.1502777777777778
926,0.94,9,6.0,21,0.04476190476190476,0.0,2.0,0.0,0.0,0.04476190476190476
828,7.27,10,5.0,35,0.2077142857142857,4.0,1.0,2.0,0.0,0.2077142857142857
656,2.99,27,5.0,41,0.07292682926829269,4.0,0.0,0.0,0.0,0.07292682926829269
332,15.28,16,5.0,72,0.2122222222222222,3.0,1.0,1.0,0.0,0.2122222222222222
665,2.48,14,6.0,27,0.09185185185185185,4.0,0.0,2.0,2.0,0.09185185185185185
250,17.13,19,1.0,71,0.2412676056338028,1.0,1.0,1.0,2.0,0.2412676056338028
908,7.17,15,7.0,32,0.2240625,0.0,1.0,2.0,0.0,0.2240625
709,5.47,21,6.0,38,0.14394736842105263,1.0,1.0,0.0,2.0,0.14394736842105263
306,19.53,11,6.0,87,0.22448275862068967,2.0,1.0,2.0,0.0,0.22448275862068967
735,7.5,29,1.0,66,0.11363636363636363,0.0,2.0,0.0,0.0,0.11363636363636363
976,5.61,25,9.0,48,0.116875,4.0,1.0,3.0,0.0,0.116875
50,4.1,21,3.0,37,0.1108108108108108,0.0,1.0,0.0,0.0,0.1108108108108108
897,6.22,15,0.0,49,0.12693877551020408,1.0,0.0,0.0,0.0,0.12693877551020408
545,12.55,13,8.0,51,0.24607843137254903,4.0,1.0,1.0,0.0,0.24607843137254903
351,10.31,19,5.0,62,0.16629032258064516,2.0,0.0,0.0,1.0,0.16629032258064516
905,8.72,18,7.0,64,0.13625,3.0,0.0,1.0,2.0,0.13625
537,17.07,20,6.0,73,0.23383561643835618,0.0,0.0,0.0,0.0,0.23383561643835618
482,14.07,5,8.0,67,0.21,0.0,2.0,2.0,0.0,0.21
576,19.02,29,9.0,87,0.2186206896551724,0.0,0.0,2.0,0.0,0.2186206896551724
34,19.0,28,3.0,96,0.19791666666666666,0.0,2.0,0.0,2.0,0.19791666666666666
32,3.83,12,9.0,30,0.12766666666666668,1.0,0.0,2.0,0.0,0.12766666666666668
232,10.3,19,8.0,48,0.21458333333333335,0.0,1.0,1.0,1.0,0.21458333333333335
964,8.09,15,4.0,51,0.15862745098039216,0.0,2.0,2.0,1.0,0.15862745098039216
193,18.06,9,8.0,52,0.34730769230769226,0.0,0.0,3.0,0.0,0.34730769230769226
334,2.76,8,5.0,22,0.12545454545454546,4.0,0.0,0.0,1.0,0.12545454545454546
4,12.17,20,8.0,68,0.1789705882352941,3.0,1.0,1.0,0.0,0.1789705882352941
205,12.33,22,9.0,75,0.1644,0.0,0.0,1.0,0.0,0.1644
515,1.38,5,8.0,13,0.10615384615384614,0.0,0.0,1.0,1.0,0.10615384615384614
800,18.49,14,6.0,71,0.26042253521126757,0.0,1.0,2.0,1.0,0.26042253521126757
307,10.57,28,9.0,59,0.17915254237288136,3.0,1.0,2.0,0.0,0.17915254237288136
110,2.0,10,2.0,30,0.06666666666666667,0.0,2.0,1.0,1.0,0.06666666666666667
431,3.29,17,4.0,32,0.1028125,0.0,0.0,2.0,1.0,0.1028125
78,1.94,16,0.0,35,0.055428571428571424,1.0,0.0,0.0,0.0,0.055428571428571424
287,9.58,26,8.0,60,0.15966666666666668,0.0,2.0,2.0,2.0,0.15966666666666668
83,6.95,25,2.0,58,0.11982758620689656,0.0,0.0,0.0,1.0,0.11982758620689656
992,14.05,19,0.0,72,0.1951388888888889,0.0,2.0,0.0,1.0,0.1951388888888889
790,18.97,20,8.0,108,0.17564814814814814,1.0,2.0,3.0,0.0,0.17564814814814814
895,13.53,28,8.0,78,0.17346153846153844,1.0,1.0,1.0,0.0,0.17346153846153844
399,15.14,8,6.0,66,0.2293939393939394,1.0,0.0,0.0,0.0,0.2293939393939394
324,5.96,26,6.0,48,0.12416666666666666,0.0,1.0,2.0,0.0,0.12416666666666666
520,3.43,7,6.0,23,0.1491304347826087,4.0,0.0,0.0,0.0,0.1491304347826087
923,17.94,22,6.0,85,0.21105882352941177,1.0,2.0,1.0,1.0,0.21105882352941177
6,3.54,10,5.0,32,0.110625,1.0,0.0,1.0,0.0,0.110625
466,7.81,11,4.0,42,0.18595238095238095,0.0,1.0,1.0,0.0,0.18595238095238095
267,14.09,12,3.0,55,0.2561818181818182,0.0,0.0,2.0,1.0,0.2561818181818182
358,11.92,14,4.0,46,0.2591304347826087,0.0,1.0,2.0,1.0,0.2591304347826087
869,17.3,9,0.0,67,0.2582089552238806,0.0,1.0,1.0,1.0,0.2582089552238806
799,14.08,28,6.0,66,0.21333333333333335,0.0,2.0,0.0,0.0,0.21333333333333335
381,2.8,28,1.0,50,0.055999999999999994,0.0,2.0,2.0,0.0,0.055999999999999994
382,14.09,12,6.0,67,0.21029850746268655,0.0,2.0,2.0,0.0,0.21029850746268655
491,9.39,14,2.0,37,0.2537837837837838,0.0,1.0,0.0,0.0,0.2537837837837838
901,4.55,5,6.0,21,0.21666666666666665,1.0,1.0,2.0,0.0,0.21666666666666665
251,6.24,20,4.0,51,0.1223529411764706,3.0,1.0,2.0,0.0,0.1223529411764706
524,16.92,29,0.0,70,0.24171428571428574,0.0,1.0,0.0,1.0,0.24171428571428574
10,14.31,9,8.0,47,0.304468085106383,0.0,0.0,0.0,0.0,0.304468085106383
604,2.23,7,6.0,14,0.15928571428571428,0.0,1.0,0.0,0.0,0.15928571428571428
82,12.65,15,4.0,66,0.19166666666666668,0.0,1.0,1.0,0.0,0.19166666666666668
784,7.24,28,6.0,65,0.11138461538461539,1.0,0.0,1.0,0.0,0.11138461538461539
588,3.01,14,4.0,26,0.11576923076923076,0.0,0.0,1.0,0.0,0.11576923076923076
240,3.95,13,5.0,25,0.158,0.0,1.0,2.0,0.0,0.158
291,1.09,6,2.0,17,0.06411764705882353,0.0,0.0,0.0,1.0,0.06411764705882353
212,13.99,7,3.0,96,0.14572916666666666,0.0,2.0,1.0,1.0,0.14572916666666666
718,19.32,21,7.0,112,0.17250000000000001,1.0,2.0,0.0,2.0,0.17250000000000001
360,11.72,11,9.0,42,0.27904761904761904,1.0,1.0,1.0,0.0,0.27904761904761904
450,2.13,9,2.0,22,0.09681818181818182,1.0,1.0,0.0,1.0,0.09681818181818182
228,8.17,20,9.0,44,0.18568181818181817,0.0,0.0,2.0,1.0,0.18568181818181817
951,12.21,9,4.0,57,0.2142105263157895,0.0,2.0,0.0,0.0,0.2142105263157895
947,3.17,17,6.0,33,0.09606060606060605,0.0,0.0,1.0,1.0,0.09606060606060605
797,18.68,11,8.0,62,0.30129032258064514,3.0,1.0,2.0,0.0,0.30129032258064514
502,10.95,24,4.0,55,0.19909090909090907,0.0,0.0,1.0,1.0,0.19909090909090907
465,19.26,21,6.0,67,0.2874626865671642,4.0,0.0,0.0,1.0,0.2874626865671642
469,4.86,25,4.0,52,0.09346153846153847,2.0,0.0,1.0,2.0,0.09346153846153847
936,5.81,25,8.0,51,0.11392156862745097,2.0,1.0,2.0,0.0,0.11392156862745097
429,7.34,22,8.0,47,0.15617021276595744,1.0,1.0,1.0,0.0,0.15617021276595744
8,17.39,25,4.0,100,0.1739,2.0,0.0,0.0,0.0,0.1739
156,5.22,11,9.0,40,0.1305,3.0,1.0,1.0,0.0,0.1305
542,12.32,17,4.0,71,0.1735211267605634,0.0,0.0,1.0,1.0,0.1735211267605634
441,2.15,17,6.0,30,0.07166666666666667,4.0,0.0,2.0,2.0,0.07166666666666667
483,9.36,17,2.0,65,0.144,1.0,2.0,0.0,1.0,0.144
423,2.28,27,9.0,39,0.058461538461538454,0.0,0.0,1.0,1.0,0.058461538461538454
779,14.54,29,2.0,73,0.19917808219178082,0.0,0.0,1.0,0.0,0.19917808219178082
950,12.15,12,6.0,63,0.19285714285714287,0.0,2.0,0.0,2.0,0.19285714285714287
335,1.4,9,9.0,17,0.08235294117647059,4.0,1.0,1.0,0.0,0.08235294117647059
935,3.85,26,3.0,46,0.08369565217391305,1.0,0.0,2.0,0.0,0.08369565217391305
595,17.99,15,3.0,63,0.2855555555555555,3.0,1.0,2.0,0.0,0.2855555555555555
531,16.35,16,0.0,66,0.24772727272727274,0.0,0.0,0.0,0.0,0.24772727272727274
582,19.61,8,6.0,72,0.2723611111111111,0.0,2.0,1.0,0.0,0.2723611111111111
708,16.29,20,1.0,72,0.22624999999999998,0.0,1.0,0.0,0.0,0.22624999999999998
449,7.84,6,4.0,28,0.27999999999999997,4.0,1.0,2.0,0.0,0.27999999999999997
454,18.17,13,0.0,71,0.2559154929577465,1.0,1.0,2.0,2.0,0.2559154929577465
353,13.34,20,6.0,53,0.25169811320754715,0.0,0.0,3.0,0.0,0.25169811320754715
729,4.43,10,1.0,63,0.0703174603174603,2.0,1.0,0.0,1.0,0.0703174603174603
80,2.76,6,2.0,27,0.10222222222222221,4.0,0.0,3.0,0.0,0.10222222222222221
149,1.5,15,4.0,32,0.046875,2.0,0.0,1.0,1.0,0.046875
303,11.04,8,2.0,54,0.20444444444444443,0.0,0.0,2.0,1.0,0.20444444444444443
507,18.26,28,7.0,93,0.19634408602150538,1.0,2.0,3.0,1.0,0.19634408602150538
343,3.88,27,9.0,42,0.09238095238095238,2.0,1.0,1.0,2.0,0.09238095238095238
486,18.07,5,2.0,67,0.26970149253731346,0.0,2.0,2.0,1.0,0.26970149253731346
712,12.11,28,0.0,75,0.16146666666666665,0.0,0.0,1.0,0.0,0.16146666666666665
134,7.08,5,8.0,27,0.26222222222222225,0.0,0.0,2.0,1.0,0.26222222222222225
704,3.12,14,5.0,28,0.11142857142857143,1.0,1.0,1.0,1.0,0.11142857142857143
312,2.03,14,4.0,36,0.056388888888888884,2.0,2.0,1.0,2.0,0.056388888888888884
630,5.42,11,9.0,26,0.20846153846153845,0.0,1.0,1.0,1.0,0.20846153846153845
1,7.8,23,5.0,52,0.15,0.0,1.0,1.0,1.0,0.15
317,8.47,19,0.0,48,0.17645833333333336,1.0,1.0,2.0,1.0,0.17645833333333336
707,6.79,16,1.0,39,0.1741025641025641,1.0,1.0,1.0,1.0,0.1741025641025641
548,13.6,23,6.0,83,0.163855421686747,1.0,0.0,2.0,1.0,0.163855421686747
873,13.06,17,8.0,59,0.22135593220338984,1.0,2.0,0.0,0.0,0.22135593220338984
533,19.93,6,6.0,59,0.33779661016949153,3.0,1.0,2.0,0.0,0.33779661016949153
478,11.3,15,8.0,70,0.16142857142857145,3.0,0.0,2.0,0.0,0.16142857142857145
405,6.74,21,9.0,47,0.14340425531914894,1.0,0.0,1.0,2.0,0.14340425531914894
173,10.49,28,9.0,66,0.15893939393939394,1.0,1.0,0.0,0.0,0.15893939393939394
395,7.15,29,7.0,60,0.11916666666666667,0.0,2.0,3.0,2.0,0.11916666666666667
421,15.94,24,2.0,77,0.207012987012987,0.0,1.0,1.0,0.0,0.207012987012987
553,11.26,14,2.0,70,0.16085714285714287,2.0,2.0,2.0,0.0,0.16085714285714287
904,11.87,10,6.0,43,0.27604651162790694,0.0,0.0,0.0,0.0,0.27604651162790694
91,2.83,14,6.0,28,0.10107142857142858,4.0,0.0,2.0,1.0,0.10107142857142858
940,11.74,20,1.0,52,0.22576923076923078,0.0,1.0,2.0,2.0,0.22576923076923078
182,2.71,6,1.0,20,0.1355,0.0,1.0,0.0,1.0,0.1355
275,10.47,14,7.0,55,0.19036363636363637,0.0,2.0,1.0,1.0,0.19036363636363637
896,4.5,24,0.0,66,0.06818181818181818,3.0,2.0,1.0,0.0,0.06818181818181818
292,1.23,18,6.0,21,0.05857142857142857,0.0,1.0,1.0,0.0,0.05857142857142857
132,4.83,11,1.0,29,0.16655172413793104,0.0,1.0,1.0,0.0,0.16655172413793104
301,1.51,14,2.0,32,0.0471875,0.0,2.0,2.0,0.0,0.0471875
425,1.62,9,8.0,16,0.10125,4.0,1.0,1.0,0.0,0.10125
327,11.31,20,0.0,67,0.16880597014925375,0.0,2.0,1.0,0.0,0.16880597014925375
145,6.05,24,0.0,48,0.12604166666666666,0.0,0.0,0.0,2.0,0.12604166666666666
424,10.14,20,1.0,59,0.17186440677966103,0.0,0.0,0.0,1.0,0.17186440677966103
581,9.45,13,0.0,49,0.19285714285714284,0.0,1.0,2.0,2.0,0.19285714285714284
136,6.8,28,5.0,55,0.12363636363636363,0.0,2.0,1.0,0.0,0.12363636363636363
451,15.65,27,0.0,76,0.20592105263157895,0.0,1.0,2.0,0.0,0.20592105263157895
165,2.26,6,3.0,19,0.11894736842105262,0.0,0.0,0.0,1.0,0.11894736842105262
29,12.05,29,4.0,61,0.1975409836065574,0.0,1.0,1.0,1.0,0.1975409836065574
774,8.25,24,4.0,62,0.13306451612903225,4.0,0.0,1.0,2.0,0.13306451612903225
194,12.85,23,0.0,80,0.160625,1.0,0.0,2.0,1.0,0.160625
389,15.14,15,4.0,71,0.2132394366197183,4.0,0.0,0.0,0.0,0.2132394366197183
853,4.59,19,8.0,36,0.1275,2.0,1.0,1.0,1.0,0.1275
170,12.02,26,0.0,63,0.1907936507936508,0.0,1.0,2.0,0.0,0.1907936507936508
706,19.8,7,3.0,88,0.225,0.0,2.0,1.0,0.0,0.225
141,19.27,14,6.0,92,0.20945652173913043,2.0,2.0,2.0,0.0,0.20945652173913043
174,4.92,12,0.0,41,0.12,0.0,2.0,0.0,1.0,0.12
7,1.63,24,5.0,38,0.04289473684210526,1.0,0.0,3.0,0.0,0.04289473684210526
746,18.04,8,5.0,71,0.2540845070422535,0.0,0.0,0.0,0.0,0.2540845070422535
74,16.4,12,2.0,70,0.23428571428571426,0.0,2.0,0.0,1.0,0.23428571428571426
911,12.01,5,7.0,42,0.28595238095238096,0.0,1.0,0.0,2.0,0.28595238095238096
146,1.22,14,2.0,38,0.032105263157894734,2.0,2.0,2.0,1.0,0.032105263157894734
793,10.36,7,8.0,39,0.26564102564102565,1.0,0.0,2.0,0.0,0.26564102564102565
235,4.31,9,2.0,35,0.12314285714285714,1.0,0.0,2.0,0.0,0.12314285714285714
221,13.32,26,0.0,71,0.18760563380281692,4.0,0.0,2.0,0.0,0.18760563380281692
924,16.1,16,6.0,61,0.26393442622950825,0.0,1.0,0.0,2.0,0.26393442622950825
501,14.11,24,3.0,93,0.15172043010752687,1.0,2.0,0.0,1.0,0.15172043010752687
133,2.84,28,1.0,44,0.06454545454545454,0.0,0.0,3.0,1.0,0.06454545454545454
991,16.09,13,6.0,69,0.23318840579710146,3.0,1.0,0.0,2.0,0.23318840579710146
775,16.05,11,2.0,89,0.1803370786516854,3.0,0.0,1.0,0.0,0.1803370786516854
186,13.37,17,8.0,63,0.2122222222222222,4.0,2.0,2.0,1.0,0.2122222222222222
42,10.16,10,1.0,67,0.15164179104477613,3.0,0.0,3.0,0.0,0.15164179104477613
697,6.13,22,0.0,48,0.12770833333333334,0.0,0.0,3.0,1.0,0.12770833333333334
109,4.96,10,7.0,28,0.17714285714285713,1.0,1.0,2.0,2.0,0.17714285714285713
589,3.0,29,1.0,43,0.06976744186046512,0.0,1.0,0.0,1.0,0.06976744186046512
57,2.23,14,0.0,41,0.054390243902439024,3.0,0.0,1.0,2.0,0.054390243902439024
443,7.8,11,7.0,49,0.15918367346938775,1.0,0.0,0.0,0.0,0.15918367346938775
758,10.9,6,8.0,47,0.23191489361702128,0.0,2.0,2.0,1.0,0.23191489361702128
998,3.17,17,1.0,28,0.11321428571428571,0.0,1.0,2.0,0.0,0.11321428571428571
25,9.39,21,9.0,50,0.18780000000000002,4.0,0.0,0.0,1.0,0.18780000000000002
468,17.44,25,9.0,89,0.1959550561797753,0.0,1.0,1.0,0.0,0.1959550561797753
540,3.02,23,1.0,46,0.06565217391304348,1.0,0.0,0.0,0.0,0.06565217391304348
532,19.99,17,1.0,112,0.17848214285714284,1.0,2.0,1.0,0.0,0.17848214285714284
619,16.22,22,0.0,102,0.15901960784313723,1.0,2.0,1.0,0.0,0.15901960784313723
695,2.74,18,9.0,37,0.07405405405405406,0.0,2.0,2.0,0.0,0.07405405405405406
927,5.74,13,9.0,46,0.12478260869565218,1.0,2.0,1.0,0.0,0.12478260869565218
339,9.75,22,7.0,50,0.195,0.0,1.0,2.0,0.0,0.195
52,15.62,23,7.0,78,0.20025641025641025,1.0,0.0,2.0,1.0,0.20025641025641025
508,16.54,25,7.0,77,0.2148051948051948,1.0,0.0,2.0,0.0,0.2148051948051948
517,7.84,7,8.0,36,0.21777777777777776,1.0,1.0,0.0,1.0,0.21777777777777776
782,11.08,16,6.0,70,0.15828571428571428,4.0,2.0,2.0,0.0,0.15828571428571428
265,17.61,21,9.0,79,0.22291139240506327,0.0,0.0,1.0,1.0,0.22291139240506327
818,8.28,29,7.0,58,0.14275862068965517,3.0,1.0,1.0,2.0,0.14275862068965517
711,15.32,17,6.0,80,0.1915,0.0,0.0,0.0,0.0,0.1915
683,3.83,27,3.0,49,0.07816326530612246,1.0,1.0,1.0,2.0,0.07816326530612246
519,19.75,25,1.0,103,0.19174757281553398,0.0,0.0,0.0,0.0,0.19174757281553398
448,15.19,6,4.0,53,0.28660377358490563,2.0,1.0,1.0,1.0,0.28660377358490563
716,18.63,11,5.0,85,0.21917647058823528,4.0,1.0,2.0,0.0,0.21917647058823528
484,12.74,18,0.0,67,0.19014925373134328,0.0,1.0,3.0,1.0,0.19014925373134328
569,18.13,21,2.0,88,0.20602272727272727,1.0,2.0,1.0,0.0,0.20602272727272727
434,2.47,22,6.0,34,0.07264705882352941,1.0,1.0,2.0,2.0,0.07264705882352941
368,18.15,11,2.0,89,0.2039325842696629,4.0,0.0,0.0,0.0,0.2039325842696629
84,1.74,8,9.0,28,0.062142857142857146,2.0,2.0,2.0,1.0,0.062142857142857146
62,5.79,26,6.0,49,0.11816326530612245,4.0,0.0,0.0,0.0,0.11816326530612245
639,5.75,7,4.0,37,0.1554054054054054,4.0,2.0,0.0,1.0,0.1554054054054054
273,17.41,20,4.0,80,0.217625,3.0,0.0,1.0,0.0,0.217625
286,1.2,24,7.0,33,0.03636363636363636,1.0,1.0,0.0,1.0,0.03636363636363636
361,8.07,21,4.0,48,0.168125,4.0,1.0,1.0,0.0,0.168125
355,1.88,24,7.0,35,0.053714285714285714,0.0,0.0,0.0,1.0,0.053714285714285714
457,0.72,9,2.0,23,0.03130434782608695,1.0,0.0,2.0,1.0,0.03130434782608695
279,14.19,9,1.0,57,0.2489473684210526,0.0,0.0,2.0,0.0,0.2489473684210526
13,16.73,9,7.0,71,0.2356338028169014,4.0,2.0,2.0,1.0,0.2356338028169014
183,18.53,8,8.0,57,0.32508771929824565,1.0,1.0,2.0,1.0,0.32508771929824565
369,4.32,21,9.0,34,0.12705882352941178,0.0,1.0,0.0,0.0,0.12705882352941178
882,13.6,9,7.0,61,0.22295081967213115,2.0,2.0,1.0,0.0,0.22295081967213115
616,18.46,19,9.0,94,0.19638297872340427,1.0,1.0,0.0,0.0,0.19638297872340427
224,7.67,9,2.0,31,0.24741935483870967,4.0,1.0,0.0,2.0,0.24741935483870967
573,8.23,17,3.0,56,0.14696428571428571,3.0,1.0,1.0,0.0,0.14696428571428571
971,13.44,29,0.0,63,0.21333333333333332,0.0,1.0,3.0,0.0,0.21333333333333332
654,15.04,24,5.0,60,0.25066666666666665,0.0,1.0,0.0,2.0,0.25066666666666665
546,7.48,21,4.0,52,0.14384615384615385,0.0,0.0,0.0,2.0,0.14384615384615385
634,10.88,13,3.0,52,0.20923076923076925,3.0,1.0,2.0,2.0,0.20923076923076925
177,13.97,14,8.0,52,0.2686538461538462,3.0,1.0,1.0,1.0,0.2686538461538462
666,3.48,9,1.0,31,0.11225806451612903,2.0,1.0,2.0,1.0,0.11225806451612903
674,10.73,6,6.0,35,0.3065714285714286,2.0,1.0,0.0,0.0,0.3065714285714286
586,5.18,9,2.0,30,0.17266666666666666,0.0,0.0,2.0,2.0,0.17266666666666666
874,8.47,24,0.0,68,0.12455882352941178,2.0,0.0,1.0,0.0,0.12455882352941178
249,19.29,7,8.0,84,0.22964285714285712,4.0,0.0,1.0,1.0,0.22964285714285712
886,3.98,19,3.0,41,0.09707317073170732,0.0,2.0,3.0,2.0,0.09707317073170732
670,6.06,10,8.0,41,0.14780487804878048,2.0,1.0,2.0,1.0,0.14780487804878048
376,6.72,8,5.0,31,0.2167741935483871,2.0,1.0,1.0,0.0,0.2167741935483871
413,19.04,27,2.0,85,0.22399999999999998,0.0,0.0,0.0,1.0,0.22399999999999998
75,14.28,23,5.0,77,0.18545454545454546,4.0,2.0,2.0,1.0,0.18545454545454546
114,16.26,16,6.0,70,0.23228571428571432,1.0,2.0,0.0,0.0,0.23228571428571432
599,4.25,5,4.0,22,0.19318181818181818,0.0,1.0,2.0,0.0,0.19318181818181818
962,12.26,20,2.0,66,0.18575757575757576,0.0,1.0,2.0,0.0,0.18575757575757576
391,19.81,27,1.0,74,0.2677027027027027,0.0,1.0,2.0,0.0,0.2677027027027027
105,18.2,27,1.0,108,0.1685185185185185,4.0,0.0,0.0,0.0,0.1685185185185185
115,12.85,14,8.0,73,0.17602739726027397,1.0,0.0,0.0,1.0,0.17602739726027397
418,6.91,27,8.0,91,0.07593406593406593,0.0,1.0,1.0,0.0,0.07593406593406593
526,9.64,10,5.0,46,0.20956521739130435,0.0,1.0,0.0,0.0,0.20956521739130435
458,9.64,14,6.0,52,0.1853846153846154,1.0,0.0,1.0,0.0,0.1853846153846154
410,2.28,27,6.0,44,0.05181818181818181,2.0,0.0,0.0,1.0,0.05181818181818181
93,15.34,18,6.0,54,0.2840740740740741,1.0,1.0,2.0,0.0,0.2840740740740741
931,3.22,14,8.0,34,0.09470588235294118,1.0,0.0,3.0,0.0,0.09470588235294118
90,9.71,8,1.0,49,0.19816326530612247,0.0,1.0,0.0,0.0,0.19816326530612247
337,17.18,13,1.0,62,0.2770967741935484,0.0,0.0,3.0,1.0,0.2770967741935484
989,5.3,29,3.0,47,0.1127659574468085,0.0,0.0,2.0,1.0,0.1127659574468085
922,10.0,6,9.0,47,0.2127659574468085,0.0,0.0,2.0,1.0,0.2127659574468085
934,10.75,8,6.0,60,0.17916666666666667,1.0,0.0,0.0,0.0,0.17916666666666667
606,9.49,23,6.0,53,0.1790566037735849,1.0,0.0,0.0,2.0,0.1790566037735849
594,7.24,28,7.0,57,0.12701754385964914,0.0,0.0,2.0,0.0,0.12701754385964914
612,16.09,21,8.0,66,0.24378787878787878,1.0,1.0,0.0,0.0,0.24378787878787878
95,15.53,26,6.0,83,0.18710843373493974,0.0,1.0,0.0,0.0,0.18710843373493974
12,19.41,11,8.0,62,0.31306451612903224,4.0,1.0,0.0,0.0,0.31306451612903224
397,17.24,17,5.0,69,0.2498550724637681,0.0,1.0,1.0,0.0,0.2498550724637681
44,18.23,27,9.0,86,0.2119767441860465,1.0,1.0,2.0,1.0,0.2119767441860465
43,1.17,16,9.0,25,0.046799999999999994,0.0,0.0,0.0,0.0,0.046799999999999994
330,5.33,29,1.0,51,0.10450980392156863,0.0,1.0,1.0,2.0,0.10450980392156863
168,4.14,23,2.0,41,0.10097560975609755,1.0,1.0,0.0,0.0,0.10097560975609755
498,2.02,28,5.0,44,0.045909090909090906,0.0,2.0,1.0,0.0,0.045909090909090906
877,14.46,11,9.0,68,0.2126470588235294,1.0,0.0,0.0,1.0,0.2126470588235294
598,3.86,21,8.0,34,0.11352941176470588,0.0,0.0,2.0,0.0,0.11352941176470588
757,12.59,13,9.0,62,0.20306451612903226,4.0,0.0,0.0,0.0,0.20306451612903226
101,1.11,22,8.0,35,0.031714285714285716,0.0,2.0,0.0,1.0,0.031714285714285716
427,9.11,19,6.0,42,0.21690476190476188,0.0,1.0,2.0,0.0,0.21690476190476188
179,18.77,24,0.0,115,0.16321739130434781,3.0,0.0,1.0,0.0,0.16321739130434781
445,16.35,16,6.0,67,0.24402985074626868,2.0,0.0,3.0,0.0,0.24402985074626868
417,6.22,16,9.0,29,0.21448275862068963,0.0,1.0,2.0,0.0,0.21448275862068963
871,7.78,25,3.0,74,0.10513513513513514,2.0,2.0,2.0,0.0,0.10513513513513514
883,0.88,27,2.0,37,0.023783783783783784,1.0,1.0,3.0,2.0,0.023783783783783784
681,16.43,13,5.0,56,0.2933928571428571,0.0,1.0,1.0,0.0,0.2933928571428571
178,8.04,27,0.0,65,0.12369230769230768,0.0,0.0,1.0,2.0,0.12369230769230768
396,18.65,19,2.0,68,0.2742647058823529,2.0,1.0,3.0,2.0,0.2742647058823529
912,5.73,7,2.0,30,0.191,2.0,1.0,0.0,1.0,0.191
794,12.42,28,9.0,79,0.15721518987341773,1.0,1.0,1.0,0.0,0.15721518987341773
961,2.11,28,5.0,34,0.062058823529411763,0.0,1.0,2.0,1.0,0.062058823529411763
685,18.62,27,6.0,75,0.2482666666666667,0.0,1.0,1.0,1.0,0.2482666666666667
384,17.61,19,3.0,80,0.220125,0.0,0.0,0.0,1.0,0.220125
957,10.62,7,2.0,48,0.22124999999999997,1.0,0.0,3.0,0.0,0.22124999999999997
258,14.07,16,9.0,73,0.19273972602739725,0.0,0.0,0.0,0.0,0.19273972602739725
539,9.29,10,9.0,40,0.23224999999999998,0.0,0.0,1.0,0.0,0.23224999999999998
336,1.29,7,7.0,15,0.08600000000000001,1.0,1.0,1.0,0.0,0.08600000000000001
16,4.08,7,0.0,33,0.12363636363636364,4.0,0.0,2.0,0.0,0.12363636363636364
325,19.12,8,0.0,92,0.20782608695652174,4.0,2.0,1.0,2.0,0.20782608695652174
759,17.93,29,4.0,85,0.21094117647058824,0.0,0.0,2.0,0.0,0.21094117647058824
180,3.18,21,3.0,42,0.07571428571428572,1.0,0.0,1.0,0.0,0.07571428571428572
984,1.97,28,7.0,43,0.04581395348837209,0.0,2.0,0.0,2.0,0.04581395348837209
23,6.2,7,3.0,42,0.14761904761904762,4.0,2.0,1.0,1.0,0.14761904761904762
357,1.02,6,8.0,21,0.04857142857142857,4.0,2.0,1.0,0.0,0.04857142857142857
667,5.3,16,5.0,32,0.165625,0.0,1.0,1.0,0.0,0.165625
862,9.34,10,0.0,40,0.23349999999999999,1.0,1.0,1.0,2.0,0.23349999999999999
341,10.09,7,0.0,49,0.20591836734693877,0.0,0.0,1.0,0.0,0.20591836734693877
432,15.35,23,9.0,80,0.191875,1.0,2.0,3.0,1.0,0.191875
552,17.12,26,3.0,86,0.19906976744186047,1.0,1.0,0.0,0.0,0.19906976744186047
834,3.94,19,3.0,43,0.09162790697674418,3.0,1.0,2.0,0.0,0.09162790697674418
631,14.41,8,8.0,75,0.19213333333333332,3.0,0.0,1.0,0.0,0.19213333333333332
94,11.44,20,2.0,57,0.2007017543859649,1.0,0.0,1.0,2.0,0.2007017543859649
559,15.23,6,0.0,52,0.2928846153846154,2.0,1.0,0.0,2.0,0.2928846153846154
69,1.95,16,2.0,23,0.08478260869565217,0.0,1.0,0.0,1.0,0.08478260869565217
285,11.78,26,3.0,71,0.16591549295774646,0.0,1.0,2.0,1.0,0.16591549295774646
845,3.4,11,6.0,30,0.11333333333333333,4.0,0.0,0.0,0.0,0.11333333333333333
435,2.14,18,3.0,34,0.06294117647058824,0.0,2.0,1.0,0.0,0.06294117647058824
154,10.04,12,9.0,59,0.1701694915254237,1.0,2.0,2.0,0.0,0.1701694915254237
731,3.7,28,7.0,45,0.08222222222222222,0.0,0.0,0.0,0.0,0.08222222222222222
447,19.73,8,8.0,64,0.30828125,1.0,1.0,1.0,0.0,0.30828125
189,10.83,8,9.0,51,0.21235294117647058,0.0,0.0,1.0,1.0,0.21235294117647058
272,16.3,12,1.0,100,0.163,2.0,1.0,0.0,2.0,0.163
237,5.98,14,6.0,44,0.13590909090909092,2.0,2.0,0.0,0.0,0.13590909090909092
488,5.98,21,2.0,60,0.09966666666666667,1.0,2.0,0.0,0.0,0.09966666666666667
118,4.14,21,0.0,46,0.09,2.0,0.0,0.0,0.0,0.09
513,18.69,23,9.0,74,0.2525675675675676,4.0,0.0,3.0,0.0,0.2525675675675676
826,18.44,27,7.0,80,0.2305,1.0,2.0,0.0,0.0,0.2305
592,13.0,22,8.0,65,0.2,4.0,2.0,0.0,0.0,0.2
117,16.17,10,2.0,116,0.13939655172413795,0.0,0.0,1.0,2.0,0.13939655172413795
474,17.88,29,3.0,98,0.18244897959183673,0.0,0.0,1.0,0.0,0.18244897959183673
694,5.23,19,4.0,37,0.14135135135135135,0.0,0.0,0.0,1.0,0.14135135135135135
864,9.09,6,7.0,43,0.2113953488372093,1.0,0.0,0.0,0.0,0.2113953488372093
913,12.67,7,3.0,43,0.2946511627906977,4.0,0.0,0.0,1.0,0.2946511627906977
370,1.85,10,1.0,24,0.07708333333333334,0.0,0.0,1.0,0.0,0.07708333333333334
269,7.51,27,6.0,50,0.1502,1.0,1.0,1.0,2.0,0.1502
47,6.58,13,1.0,34,0.1935294117647059,0.0,1.0,2.0,0.0,0.1935294117647059
350,12.7,22,2.0,57,0.22280701754385965,0.0,1.0,0.0,1.0,0.22280701754385965
196,7.31,26,2.0,65,0.11246153846153846,2.0,0.0,2.0,0.0,0.11246153846153846
1000,9.2,9,9.0,48,0.19166666666666665,0.0,2.0,0.0,1.0,0.19166666666666665
835,10.22,21,0.0,61,0.1675409836065574,2.0,1.0,2.0,1.0,0.1675409836065574
737,8.15,12,9.0,43,0.18953488372093025,0.0,2.0,1.0,1.0,0.18953488372093025
264,10.61,17,0.0,59,0.17983050847457627,0.0,0.0,0.0,0.0,0.17983050847457627
444,7.73,29,5.0,58,0.13327586206896552,0.0,2.0,3.0,0.0,0.13327586206896552
676,19.66,19,6.0,70,0.28085714285714286,0.0,1.0,0.0,2.0,0.28085714285714286
305,14.66,5,6.0,71,0.20647887323943662,3.0,2.0,0.0,2.0,0.20647887323943662
342,9.73,29,6.0,60,0.16216666666666668,0.0,1.0,2.0,0.0,0.16216666666666668
967,14.52,26,5.0,86,0.16883720930232557,0.0,0.0,2.0,2.0,0.16883720930232557
125,4.94,28,4.0,63,0.07841269841269842,1.0,2.0,1.0,1.0,0.07841269841269842
787,11.88,29,9.0,78,0.1523076923076923,1.0,2.0,2.0,2.0,0.1523076923076923
51,19.41,7,6.0,66,0.29409090909090907,2.0,0.0,0.0,2.0,0.29409090909090907
928,11.06,6,9.0,53,0.20867924528301887,0.0,2.0,1.0,0.0,0.20867924528301887
143,10.2,18,9.0,56,0.18214285714285713,1.0,0.0,2.0,0.0,0.18214285714285713
471,0.74,13,4.0,21,0.035238095238095235,1.0,1.0,0.0,2.0,0.035238095238095235
400,15.21,20,9.0,90,0.169,3.0,0.0,2.0,0.0,0.169
626,7.69,16,3.0,58,0.13258620689655173,1.0,2.0,0.0,1.0,0.13258620689655173
321,11.21,23,1.0,76,0.14750000000000002,0.0,2.0,2.0,1.0,0.14750000000000002
20,6.18,9,9.0,35,0.17657142857142857,0.0,0.0,1.0,0.0,0.17657142857142857
810,2.71,6,5.0,19,0.14263157894736841,0.0,0.0,0.0,2.0,0.14263157894736841
791,3.49,17,2.0,38,0.0918421052631579,0.0,0.0,0.0,0.0,0.0918421052631579
809,9.29,17,2.0,49,0.18959183673469385,0.0,0.0,0.0,0.0,0.18959183673469385
408,0.71,29,1.0,41,0.017317073170731705,2.0,1.0,3.0,0.0,0.017317073170731705
538,5.32,27,2.0,48,0.11083333333333334,1.0,1.0,2.0,1.0,0.11083333333333334
621,4.1,18,3.0,38,0.10789473684210525,0.0,0.0,1.0,2.0,0.10789473684210525
176,3.9,25,9.0,54,0.07222222222222222,1.0,2.0,0.0,2.0,0.07222222222222222
246,18.6,28,9.0,77,0.24155844155844158,1.0,0.0,0.0,2.0,0.24155844155844158
829,14.88,10,0.0,64,0.2325,3.0,0.0,1.0,0.0,0.2325
668,3.63,22,9.0,39,0.09307692307692307,4.0,0.0,0.0,2.0,0.09307692307692307
755,3.22,7,7.0,27,0.11925925925925927,4.0,2.0,0.0,2.0,0.11925925925925927
859,11.51,5,7.0,57,0.20192982456140351,2.0,1.0,2.0,2.0,0.20192982456140351
155,19.72,27,6.0,109,0.18091743119266054,1.0,1.0,2.0,0.0,0.18091743119266054
288,11.08,28,2.0,58,0.1910344827586207,0.0,1.0,1.0,1.0,0.1910344827586207
603,3.95,28,5.0,47,0.08404255319148937,0.0,0.0,0.0,2.0,0.08404255319148937
570,7.29,11,7.0,48,0.151875,0.0,2.0,1.0,2.0,0.151875
744,10.3,12,7.0,41,0.25121951219512195,0.0,1.0,0.0,2.0,0.25121951219512195
18,10.73,27,6.0,83,0.12927710843373494,1.0,2.0,2.0,2.0,0.12927710843373494
128,17.28,28,3.0,72,0.24000000000000002,0.0,1.0,0.0,2.0,0.24000000000000002
323,13.37,16,9.0,71,0.18830985915492957,2.0,0.0,1.0,1.0,0.18830985915492957
256,11.36,8,2.0,52,0.21846153846153846,0.0,0.0,0.0,1.0,0.21846153846153846
658,7.58,19,9.0,57,0.13298245614035087,0.0,2.0,2.0,1.0,0.13298245614035087
191,2.32,23,1.0,32,0.0725,0.0,1.0,2.0,1.0,0.0725
116,17.49,27,9.0,97,0.18030927835051544,1.0,1.0,1.0,0.0,0.18030927835051544
181,7.15,15,3.0,42,0.17023809523809524,4.0,1.0,0.0,0.0,0.17023809523809524
760,15.88,17,1.0,68,0.2335294117647059,1.0,1.0,1.0,2.0,0.2335294117647059
724,14.95,13,7.0,49,0.3051020408163265,0.0,0.0,0.0,0.0,0.3051020408163265
686,11.36,6,4.0,47,0.24170212765957447,2.0,1.0,2.0,0.0,0.24170212765957447
980,12.14,12,0.0,65,0.18676923076923077,2.0,2.0,2.0,0.0,0.18676923076923077
518,16.31,14,7.0,71,0.22971830985915492,2.0,0.0,2.0,2.0,0.22971830985915492
985,14.7,24,5.0,75,0.19599999999999998,0.0,0.0,1.0,1.0,0.19599999999999998
46,13.42,6,6.0,105,0.12780952380952382,1.0,0.0,1.0,0.0,0.12780952380952382
158,15.35,5,3.0,56,0.2741071428571428,2.0,1.0,0.0,2.0,0.2741071428571428
852,15.12,14,1.0,58,0.26068965517241377,2.0,1.0,0.0,0.0,0.26068965517241377
172,0.82,18,9.0,23,0.035652173913043476,4.0,1.0,0.0,2.0,0.035652173913043476
17,6.43,9,7.0,26,0.24730769230769228,0.0,1.0,1.0,2.0,0.24730769230769228
512,8.66,29,3.0,77,0.11246753246753247,3.0,2.0,0.0,0.0,0.11246753246753247
49,11.16,21,4.0,77,0.14493506493506494,2.0,0.0,2.0,2.0,0.14493506493506494
516,1.01,17,7.0,29,0.03482758620689655,0.0,2.0,3.0,0.0,0.03482758620689655
953,3.92,20,9.0,41,0.09560975609756098,1.0,0.0,3.0,0.0,0.09560975609756098
481,12.77,22,8.0,71,0.17985915492957746,2.0,1.0,0.0,0.0,0.17985915492957746
284,2.33,9,2.0,18,0.12944444444444445,0.0,1.0,1.0,0.0,0.12944444444444445
719,2.92,24,4.0,48,0.06083333333333333,4.0,2.0,2.0,0.0,0.06083333333333333
878,13.35,14,4.0,91,0.1467032967032967,1.0,1.0,1.0,1.0,0.1467032967032967
226,5.26,28,8.0,51,0.10313725490196078,1.0,0.0,1.0,1.0,0.10313725490196078
27,4.39,12,8.0,38,0.11552631578947367,2.0,0.0,3.0,0.0,0.11552631578947367
955,8.67,20,4.0,55,0.15763636363636363,4.0,2.0,0.0,0.0,0.15763636363636363
438,16.53,24,9.0,99,0.166969696969697,3.0,1.0,2.0,1.0,0.166969696969697
952,13.47,19,4.0,59,0.22830508474576272,0.0,0.0,1.0,0.0,0.22830508474576272
365,18.86,18,1.0,89,0.21191011235955057,3.0,0.0,3.0,0.0,0.21191011235955057
230,12.81,12,2.0,51,0.2511764705882353,0.0,1.0,0.0,0.0,0.2511764705882353
38,2.4,27,5.0,42,0.05714285714285714,3.0,1.0,3.0,1.0,0.05714285714285714
966,7.44,6,1.0,39,0.19076923076923077,1.0,0.0,1.0,0.0,0.19076923076923077
375,1.89,13,7.0,22,0.08590909090909091,0.0,0.0,1.0,1.0,0.08590909090909091
470,19.28,21,3.0,101,0.1908910891089109,3.0,0.0,0.0,2.0,0.1908910891089109
851,1.81,23,3.0,34,0.05323529411764706,0.0,0.0,2.0,2.0,0.05323529411764706
705,1.74,23,2.0,34,0.051176470588235295,0.0,0.0,3.0,0.0,0.051176470588235295
842,13.44,22,1.0,79,0.17012658227848101,0.0,0.0,0.0,2.0,0.17012658227848101
855,4.5,20,6.0,32,0.140625,4.0,1.0,1.0,1.0,0.140625
865,8.31,6,5.0,44,0.18886363636363637,4.0,0.0,0.0,0.0,0.18886363636363637
504,16.37,26,7.0,97,0.16876288659793814,0.0,2.0,0.0,0.0,0.16876288659793814
970,9.78,18,3.0,58,0.1686206896551724,0.0,0.0,2.0,0.0,0.1686206896551724
831,4.88,26,7.0,48,0.10166666666666667,4.0,0.0,2.0,1.0,0.10166666666666667
969,11.54,10,0.0,56,0.20607142857142854,0.0,2.0,2.0,2.0,0.20607142857142854
909,5.56,19,5.0,31,0.17935483870967742,0.0,1.0,2.0,1.0,0.17935483870967742
802,3.47,24,9.0,53,0.06547169811320755,3.0,2.0,3.0,0.0,0.06547169811320755
994,12.01,26,6.0,57,0.21070175438596492,0.0,1.0,0.0,1.0,0.21070175438596492
756,15.98,21,6.0,90,0.17755555555555555,2.0,1.0,0.0,2.0,0.17755555555555555
112,3.64,16,3.0,26,0.14,0.0,1.0,0.0,1.0,0.14
227,19.47,16,8.0,83,0.23457831325301204,0.0,1.0,0.0,0.0,0.23457831325301204
689,15.51,10,8.0,81,0.19148148148148147,1.0,0.0,0.0,1.0,0.19148148148148147
104,10.42,28,3.0,72,0.14472222222222222,4.0,0.0,2.0,0.0,0.14472222222222222
422,15.9,19,5.0,78,0.20384615384615384,1.0,1.0,1.0,2.0,0.20384615384615384
420,15.17,25,4.0,77,0.197012987012987,4.0,1.0,0.0,0.0,0.197012987012987
587,1.98,22,0.0,39,0.05076923076923077,1.0,1.0,2.0,0.0,0.05076923076923077
781,14.03,17,2.0,65,0.21584615384615383,0.0,1.0,2.0,0.0,0.21584615384615383
673,2.06,22,4.0,40,0.051500000000000004,2.0,0.0,1.0,1.0,0.051500000000000004
120,11.02,22,2.0,70,0.15742857142857142,0.0,2.0,0.0,1.0,0.15742857142857142
152,5.17,29,0.0,56,0.09232142857142857,2.0,1.0,0.0,0.0,0.09232142857142857
404,16.62,26,8.0,94,0.1768085106382979,3.0,1.0,2.0,0.0,0.1768085106382979
946,0.71,25,8.0,31,0.022903225806451613,1.0,1.0,0.0,2.0,0.022903225806451613
659,13.1,28,2.0,72,0.18194444444444444,0.0,1.0,1.0,0.0,0.18194444444444444
844,19.24,9,7.0,75,0.25653333333333334,1.0,2.0,2.0,0.0,0.25653333333333334
763,5.35,24,6.0,43,0.12441860465116278,0.0,0.0,2.0,1.0,0.12441860465116278
9,12.22,15,0.0,56,0.21821428571428572,0.0,1.0,1.0,1.0,0.21821428571428572
808,18.55,11,9.0,69,0.2688405797101449,0.0,1.0,2.0,2.0,0.2688405797101449
37,6.44,18,2.0,43,0.14976744186046512,0.0,1.0,2.0,2.0,0.14976744186046512
453,8.77,14,7.0,49,0.17897959183673467,2.0,0.0,1.0,2.0,0.17897959183673467
652,10.97,27,3.0,51,0.2150980392156863,0.0,1.0,2.0,1.0,0.2150980392156863
254,6.68,10,5.0,44,0.15181818181818182,0.0,2.0,0.0,1.0,0.15181818181818182
304,12.93,25,0.0,61,0.21196721311475408,1.0,1.0,2.0,1.0,0.21196721311475408
747,7.99,18,4.0,42,0.19023809523809523,0.0,0.0,1.0,0.0,0.19023809523809523
572,15.78,12,1.0,68,0.23205882352941176,0.0,2.0,2.0,1.0,0.23205882352941176
624,9.95,21,5.0,72,0.13819444444444443,4.0,2.0,1.0,1.0,0.13819444444444443
733,13.47,7,6.0,46,0.29282608695652174,1.0,1.0,2.0,1.0,0.29282608695652174
892,17.19,11,8.0,76,0.2261842105263158,0.0,0.0,2.0,0.0,0.2261842105263158
263,3.23,17,9.0,33,0.09787878787878788,0.0,2.0,2.0,0.0,0.09787878787878788
611,1.27,25,9.0,46,0.027608695652173915,2.0,2.0,2.0,0.0,0.027608695652173915
298,4.71,20,6.0,31,0.15193548387096775,0.0,1.0,0.0,0.0,0.15193548387096775
415,12.82,28,9.0,72,0.17805555555555555,1.0,0.0,1.0,0.0,0.17805555555555555
789,9.51,26,9.0,63,0.15095238095238095,0.0,2.0,0.0,0.0,0.15095238095238095
641,0.89,9,0.0,20,0.0445,1.0,1.0,0.0,2.0,0.0445
890,5.24,26,8.0,51,0.1027450980392157,4.0,2.0,2.0,1.0,0.1027450980392157
551,10.64,11,9.0,36,0.29555555555555557,4.0,1.0,1.0,2.0,0.29555555555555557
887,13.23,20,8.0,70,0.189,0.0,0.0,3.0,0.0,0.189
489,19.03,8,8.0,65,0.2927692307692308,0.0,0.0,0.0,1.0,0.2927692307692308
148,10.3,29,0.0,73,0.1410958904109589,1.0,1.0,1.0,0.0,0.1410958904109589
147,12.39,14,8.0,56,0.22125,3.0,0.0,1.0,0.0,0.22125
721,18.8,23,7.0,95,0.19789473684210526,0.0,2.0,2.0,0.0,0.19789473684210526
932,16.78,22,1.0,70,0.23971428571428574,1.0,0.0,0.0,0.0,0.23971428571428574
740,7.85,7,9.0,34,0.23088235294117646,0.0,1.0,2.0,1.0,0.23088235294117646
660,11.63,29,7.0,57,0.20403508771929826,0.0,0.0,3.0,1.0,0.20403508771929826
349,7.8,17,6.0,44,0.17727272727272728,4.0,0.0,2.0,2.0,0.17727272727272728
464,11.88,5,1.0,63,0.18857142857142858,1.0,0.0,2.0,0.0,0.18857142857142858
326,14.89,22,9.0,88,0.16920454545454547,0.0,2.0,1.0,2.0,0.16920454545454547
854,18.01,14,2.0,71,0.25366197183098593,2.0,2.0,3.0,0.0,0.25366197183098593
609,10.32,24,5.0,49,0.21061224489795918,0.0,0.0,3.0,2.0,0.21061224489795918
144,6.37,29,4.0,56,0.11375,1.0,1.0,2.0,2.0,0.11375
959,3.74,19,6.0,36,0.10388888888888889,1.0,1.0,0.0,0.0,0.10388888888888889
198,17.99,5,1.0,73,0.24643835616438353,4.0,2.0,1.0,0.0,0.24643835616438353
610,13.96,5,1.0,42,0.3323809523809524,1.0,1.0,3.0,0.0,0.3323809523809524
280,16.02,20,7.0,61,0.26262295081967213,0.0,1.0,1.0,0.0,0.26262295081967213
401,2.51,16,2.0,28,0.08964285714285714,0.0,1.0,0.0,0.0,0.08964285714285714
123,6.7,23,3.0,59,0.1135593220338983,2.0,2.0,0.0,1.0,0.1135593220338983
184,17.61,5,8.0,61,0.2886885245901639,4.0,1.0,0.0,0.0,0.2886885245901639
203,3.65,29,9.0,46,0.07934782608695652,0.0,0.0,0.0,0.0,0.07934782608695652
439,14.27,24,3.0,77,0.1853246753246753,0.0,0.0,3.0,2.0,0.1853246753246753
247,8.85,11,9.0,45,0.19666666666666666,0.0,1.0,2.0,0.0,0.19666666666666666
933,19.7,16,6.0,66,0.29848484848484846,1.0,1.0,1.0,2.0,0.29848484848484846
766,11.61,19,1.0,67,0.17328358208955222,0.0,2.0,0.0,2.0,0.17328358208955222
907,16.44,8,0.0,80,0.20550000000000002,4.0,2.0,2.0,2.0,0.20550000000000002
836,8.67,12,7.0,104,0.08336538461538462,1.0,2.0,2.0,0.0,0.08336538461538462
888,5.14,23,7.0,43,0.11953488372093023,0.0,0.0,1.0,1.0,0.11953488372093023
638,5.23,23,2.0,47,0.11127659574468086,0.0,0.0,0.0,1.0,0.11127659574468086
403,10.35,7,9.0,48,0.21562499999999998,0.0,0.0,3.0,0.0,0.21562499999999998
785,4.04,14,6.0,39,0.10358974358974359,1.0,2.0,1.0,0.0,0.10358974358974359
771,2.66,16,8.0,21,0.12666666666666668,0.0,1.0,2.0,0.0,0.12666666666666668
736,17.61,9,5.0,74,0.23797297297297296,2.0,0.0,2.0,0.0,0.23797297297297296
914,8.48,11,5.0,39,0.21743589743589745,0.0,2.0,3.0,0.0,0.21743589743589745
220,17.06,9,9.0,66,0.2584848484848485,0.0,1.0,1.0,0.0,0.2584848484848485
642,6.78,18,6.0,42,0.16142857142857142,2.0,1.0,3.0,0.0,0.16142857142857142
916,9.0,29,3.0,78,0.11538461538461539,3.0,0.0,2.0,2.0,0.11538461538461539
753,12.74,12,0.0,63,0.20222222222222222,0.0,1.0,2.0,1.0,0.20222222222222222
807,18.72,17,0.0,89,0.21033707865168538,1.0,0.0,2.0,0.0,0.21033707865168538
625,12.56,22,8.0,49,0.2563265306122449,0.0,1.0,0.0,2.0,0.2563265306122449
875,1.0,28,0.0,51,0.0196078431372549,3.0,0.0,0.0,0.0,0.0196078431372549
761,3.46,24,6.0,37,0.09351351351351352,0.0,1.0,0.0,0.0,0.09351351351351352
387,6.0,20,8.0,53,0.11320754716981132,3.0,1.0,0.0,2.0,0.11320754716981132
973,14.79,12,9.0,64,0.23109375,0.0,0.0,0.0,1.0,0.23109375
510,14.65,19,3.0,95,0.15421052631578946,3.0,2.0,0.0,2.0,0.15421052631578946
268,14.2,17,1.0,73,0.19452054794520546,0.0,0.0,2.0,0.0,0.19452054794520546
820,7.04,11,8.0,38,0.18526315789473685,0.0,1.0,2.0,0.0,0.18526315789473685
497,11.88,20,8.0,69,0.17217391304347826,1.0,0.0,1.0,0.0,0.17217391304347826
113,18.63,26,8.0,75,0.24839999999999998,0.0,1.0,1.0,0.0,0.24839999999999998
692,8.8,6,2.0,38,0.23157894736842108,1.0,0.0,2.0,0.0,0.23157894736842108
233,11.75,9,2.0,55,0.21363636363636362,0.0,2.0,0.0,0.0,0.21363636363636362
870,18.95,27,0.0,92,0.20597826086956522,3.0,1.0,0.0,2.0,0.20597826086956522
608,7.6,16,4.0,48,0.15833333333333333,2.0,1.0,0.0,0.0,0.15833333333333333
672,17.99,11,2.0,84,0.21416666666666664,2.0,1.0,0.0,2.0,0.21416666666666664
374,13.82,21,9.0,72,0.19194444444444445,0.0,0.0,1.0,0.0,0.19194444444444445
982,15.53,26,7.0,68,0.22838235294117645,2.0,1.0,1.0,0.0,0.22838235294117645
843,3.97,19,8.0,40,0.09925,0.0,2.0,2.0,0.0,0.09925
234,10.1,17,6.0,55,0.18363636363636363,0.0,2.0,0.0,2.0,0.18363636363636363
786,18.21,5,1.0,70,0.2601428571428572,2.0,1.0,0.0,0.0,0.2601428571428572
677,2.68,16,8.0,25,0.1072,0.0,1.0,0.0,0.0,0.1072
318,3.88,9,6.0,33,0.11757575757575757,3.0,1.0,0.0,0.0,0.11757575757575757
649,15.89,15,9.0,91,0.17461538461538462,3.0,0.0,2.0,2.0,0.17461538461538462
411,6.73,21,1.0,54,0.12462962962962963,0.0,0.0,2.0,0.0,0.12462962962962963
899,0.75,10,5.0,16,0.046875,0.0,0.0,2.0,0.0,0.046875
710,13.79,11,0.0,69,0.1998550724637681,1.0,1.0,3.0,1.0,0.1998550724637681
359,18.83,5,8.0,69,0.27289855072463765,0.0,0.0,1.0,1.0,0.27289855072463765
259,11.62,9,8.0,33,0.3521212121212121,0.0,1.0,2.0,0.0,0.3521212121212121
628,15.08,26,1.0,94,0.16042553191489362,1.0,0.0,1.0,1.0,0.16042553191489362
633,10.48,10,7.0,45,0.2328888888888889,1.0,1.0,2.0,2.0,0.2328888888888889
283,7.82,16,8.0,45,0.17377777777777778,1.0,0.0,1.0,0.0,0.17377777777777778
385,14.83,19,4.0,126,0.1176984126984127,1.0,1.0,0.0,2.0,0.1176984126984127
225,5.67,11,9.0,27,0.21,0.0,1.0,0.0,1.0,0.21
954,18.33,5,5.0,67,0.2735820895522388,3.0,0.0,0.0,1.0,0.2735820895522388
473,1.34,9,5.0,30,0.04466666666666667,2.0,2.0,1.0,0.0,0.04466666666666667
348,1.38,13,9.0,17,0.0811764705882353,0.0,1.0,0.0,1.0,0.0811764705882353
640,7.86,22,2.0,55,0.1429090909090909,4.0,0.0,0.0,2.0,0.1429090909090909
988,8.98,22,8.0,105,0.08552380952380953,0.0,0.0,2.0,1.0,0.08552380952380953
929,12.85,6,7.0,61,0.21065573770491802,1.0,0.0,1.0,1.0,0.21065573770491802
906,17.91,6,7.0,68,0.26338235294117646,0.0,1.0,2.0,0.0,0.26338235294117646
620,15.09,20,7.0,68,0.22191176470588236,3.0,1.0,0.0,2.0,0.22191176470588236
856,4.22,16,7.0,35,0.12057142857142857,0.0,0.0,0.0,0.0,0.12057142857142857
804,12.33,7,2.0,101,0.12207920792079208,0.0,2.0,3.0,0.0,0.12207920792079208
646,17.87,29,4.0,87,0.20540229885057473,3.0,1.0,0.0,1.0,0.20540229885057473
847,2.16,10,1.0,23,0.09391304347826088,0.0,0.0,3.0,2.0,0.09391304347826088
557,3.11,21,1.0,43,0.07232558139534884,1.0,0.0,0.0,1.0,0.07232558139534884
958,1.42,24,2.0,40,0.0355,0.0,2.0,2.0,1.0,0.0355
578,18.57,16,7.0,89,0.20865168539325843,1.0,0.0,2.0,0.0,0.20865168539325843
796,17.51,15,3.0,60,0.29183333333333333,0.0,0.0,1.0,0.0,0.29183333333333333
86,6.84,25,1.0,51,0.13411764705882354,0.0,0.0,1.0,0.0,0.13411764705882354
699,3.51,22,2.0,44,0.07977272727272727,4.0,0.0,3.0,0.0,0.07977272727272727
160,14.7,6,2.0,58,0.253448275862069,0.0,0.0,0.0,1.0,0.253448275862069
525,16.85,17,4.0,71,0.23732394366197185,0.0,2.0,0.0,2.0,0.23732394366197185
36,16.26,27,5.0,66,0.2463636363636364,1.0,1.0,0.0,2.0,0.2463636363636364
541,19.1,25,6.0,90,0.21222222222222223,3.0,0.0,0.0,0.0,0.21222222222222223
171,13.71,22,9.0,64,0.21421875,1.0,0.0,1.0,0.0,0.21421875
891,14.58,23,0.0,70,0.2082857142857143,0.0,1.0,1.0,0.0,0.2082857142857143
858,9.71,27,5.0,61,0.15918032786885247,0.0,1.0,2.0,2.0,0.15918032786885247
848,19.94,26,6.0,83,0.2402409638554217,0.0,1.0,2.0,0.0,0.2402409638554217
945,4.53,18,4.0,49,0.09244897959183673,3.0,0.0,0.0,1.0,0.09244897959183673
734,10.7,8,4.0,57,0.18771929824561404,0.0,2.0,2.0,2.0,0.18771929824561404
96,10.13,22,0.0,65,0.15584615384615386,0.0,0.0,1.0,0.0,0.15584615384615386
564,0.78,11,0.0,18,0.043333333333333335,0.0,1.0,2.0,0.0,0.043333333333333335
241,18.84,25,8.0,88,0.21409090909090908,2.0,0.0,2.0,1.0,0.21409090909090908
743,15.08,29,7.0,84,0.17952380952380953,3.0,1.0,1.0,0.0,0.17952380952380953
575,17.32,10,3.0,77,0.22493506493506493,0.0,1.0,1.0,1.0,0.22493506493506493
691,6.81,23,2.0,47,0.1448936170212766,0.0,0.0,1.0,0.0,0.1448936170212766
461,2.79,23,7.0,38,0.07342105263157894,0.0,2.0,0.0,0.0,0.07342105263157894
554,11.44,14,4.0,74,0.1545945945945946,2.0,2.0,2.0,2.0,0.1545945945945946
889,2.44,13,9.0,39,0.06256410256410257,3.0,2.0,1.0,0.0,0.06256410256410257
207,2.48,20,8.0,30,0.08266666666666667,1.0,1.0,1.0,1.0,0.08266666666666667
795,0.85,9,8.0,17,0.049999999999999996,0.0,0.0,0.0,0.0,0.049999999999999996
398,8.87,19,3.0,55,0.16127272727272726,0.0,1.0,1.0,0.0,0.16127272727272726
767,15.37,15,5.0,66,0.23287878787878788,3.0,0.0,2.0,2.0,0.23287878787878788
849,10.29,25,4.0,67,0.1535820895522388,2.0,0.0,1.0,1.0,0.1535820895522388
218,15.06,22,4.0,65,0.2316923076923077,1.0,1.0,0.0,0.0,0.2316923076923077
769,7.17,7,9.0,29,0.24724137931034482,0.0,0.0,0.0,1.0,0.24724137931034482
643,4.62,8,3.0,33,0.14,1.0,0.0,2.0,2.0,0.14
930,5.53,10,8.0,27,0.2048148148148148,0.0,1.0,0.0,2.0,0.2048148148148148
613,12.74,17,9.0,63,0.20222222222222222,1.0,1.0,2.0,0.0,0.20222222222222222
739,9.06,26,3.0,61,0.14852459016393443,0.0,2.0,1.0,0.0,0.14852459016393443
547,2.71,6,0.0,28,0.09678571428571428,2.0,1.0,0.0,0.0,0.09678571428571428
726,16.92,23,5.0,78,0.21692307692307694,0.0,1.0,3.0,0.0,0.21692307692307694
684,13.54,11,1.0,54,0.2507407407407407,2.0,1.0,0.0,0.0,0.2507407407407407
99,1.0,25,4.0,44,0.022727272727272728,3.0,0.0,0.0,0.0,0.022727272727272728
805,8.77,12,2.0,42,0.2088095238095238,0.0,0.0,0.0,2.0,0.2088095238095238
728,16.01,28,0.0,84,0.19059523809523812,4.0,1.0,0.0,2.0,0.19059523809523812
574,12.63,8,8.0,49,0.25775510204081636,2.0,0.0,3.0,1.0,0.25775510204081636
407,8.09,22,2.0,56,0.1444642857142857,2.0,1.0,1.0,2.0,0.1444642857142857
503,6.54,10,7.0,39,0.1676923076923077,0.0,0.0,3.0,0.0,0.1676923076923077
48,10.64,14,5.0,45,0.23644444444444446,0.0,0.0,2.0,1.0,0.23644444444444446
33,1.77,14,9.0,22,0.08045454545454546,0.0,0.0,1.0,0.0,0.08045454545454546
780,13.0,25,7.0,77,0.16883116883116883,2.0,1.0,1.0,0.0,0.16883116883116883
840,12.83,5,8.0,50,0.2566,0.0,1.0,1.0,0.0,0.2566
201,13.02,6,9.0,65,0.2003076923076923,3.0,2.0,2.0,2.0,0.2003076923076923
135,18.89,22,1.0,74,0.25527027027027027,1.0,0.0,0.0,1.0,0.25527027027027027
28,10.53,25,8.0,72,0.14625,2.0,2.0,1.0,0.0,0.14625
881,5.01,10,5.0,31,0.16161290322580643,1.0,1.0,2.0,0.0,0.16161290322580643
231,16.0,13,3.0,65,0.24615384615384617,2.0,0.0,2.0,1.0,0.24615384615384617
490,17.86,16,8.0,83,0.21518072289156626,0.0,1.0,2.0,1.0,0.21518072289156626
773,2.99,9,5.0,90,0.03322222222222222,2.0,2.0,2.0,0.0,0.03322222222222222
379,16.38,6,2.0,51,0.3211764705882353,0.0,0.0,0.0,0.0,0.3211764705882353
289,6.09,7,4.0,27,0.22555555555555554,0.0,0.0,3.0,0.0,0.22555555555555554
419,13.61,26,0.0,66,0.2062121212121212,0.0,1.0,0.0,0.0,0.2062121212121212
675,8.5,14,7.0,56,0.15178571428571427,3.0,2.0,1.0,0.0,0.15178571428571427
392,8.55,28,8.0,46,0.1858695652173913,0.0,1.0,1.0,1.0,0.1858695652173913
593,4.05,21,5.0,39,0.10384615384615384,0.0,0.0,2.0,1.0,0.10384615384615384
499,19.5,18,2.0,73,0.2671232876712329,0.0,2.0,0.0,0.0,0.2671232876712329
63,16.66,29,7.0,95,0.1753684210526316,3.0,2.0,2.0,1.0,0.1753684210526316
472,19.41,21,3.0,100,0.1941,3.0,2.0,1.0,2.0,0.1941
648,13.74,6,1.0,56,0.24535714285714286,2.0,0.0,2.0,0.0,0.24535714285714286
129,0.64,10,3.0,24,0.02666666666666667,0.0,2.0,3.0,0.0,0.02666666666666667
977,12.1,11,0.0,53,0.22830188679245284,0.0,2.0,2.0,0.0,0.22830188679245284
521,12.09,13,1.0,60,0.20149999999999998,0.0,0.0,0.0,2.0,0.20149999999999998
839,11.82,24,7.0,77,0.1535064935064935,4.0,0.0,3.0,0.0,0.1535064935064935
963,5.28,27,6.0,53,0.09962264150943397,2.0,1.0,0.0,0.0,0.09962264150943397
65,5.98,22,9.0,35,0.17085714285714287,0.0,1.0,1.0,2.0,0.17085714285714287
813,2.93,24,8.0,94,0.03117021276595745,0.0,0.0,0.0,0.0,0.03117021276595745
15,4.05,19,2.0,50,0.081,3.0,0.0,1.0,1.0,0.081
493,5.91,29,4.0,57,0.1036842105263158,0.0,0.0,1.0,1.0,0.1036842105263158
380,6.0,21,2.0,47,0.1276595744680851,1.0,0.0,1.0,1.0,0.1276595744680851
188,11.33,29,7.0,77,0.14714285714285713,0.0,0.0,2.0,1.0,0.14714285714285713
764,15.01,15,6.0,64,0.23453125,0.0,0.0,0.0,0.0,0.23453125
217,6.85,16,5.0,48,0.14270833333333333,0.0,2.0,0.0,0.0,0.14270833333333333
792,11.93,7,1.0,75,0.15906666666666666,3.0,2.0,0.0,2.0,0.15906666666666666
53,18.82,5,3.0,77,0.24441558441558442,4.0,1.0,0.0,2.0,0.24441558441558442
879,1.03,19,4.0,29,0.035517241379310345,0.0,0.0,2.0,0.0,0.035517241379310345
720,14.75,10,7.0,62,0.23790322580645162,0.0,1.0,0.0,2.0,0.23790322580645162
725,11.7,17,5.0,60,0.19499999999999998,1.0,1.0,2.0,0.0,0.19499999999999998
296,10.68,14,1.0,42,0.2542857142857143,0.0,1.0,0.0,0.0,0.2542857142857143
702,1.51,26,1.0,44,0.03431818181818182,0.0,2.0,1.0,0.0,0.03431818181818182
252,8.01,8,6.0,48,0.166875,0.0,2.0,0.0,0.0,0.166875
727,3.23,25,7.0,42,0.0769047619047619,1.0,1.0,0.0,2.0,0.0769047619047619
462,13.16,25,8.0,68,0.1935294117647059,1.0,2.0,0.0,1.0,0.1935294117647059
456,10.11,11,4.0,44,0.22977272727272727,4.0,1.0,0.0,0.0,0.22977272727272727
997,18.39,24,6.0,74,0.24851351351351353,4.0,1.0,2.0,0.0,0.24851351351351353
816,10.62,22,5.0,54,0.19666666666666666,4.0,0.0,2.0,2.0,0.19666666666666666
270,6.23,20,1.0,51,0.12215686274509804,0.0,0.0,1.0,2.0,0.12215686274509804
202,2.14,25,1.0,36,0.059444444444444446,0.0,1.0,2.0,0.0,0.059444444444444446
162,12.83,19,2.0,76,0.16881578947368422,0.0,0.0,0.0,0.0,0.16881578947368422
556,8.37,13,7.0,42,0.19928571428571426,0.0,2.0,1.0,1.0,0.19928571428571426
730,3.69,8,8.0,27,0.13666666666666666,1.0,0.0,2.0,0.0,0.13666666666666666
402,18.1,8,5.0,77,0.2350649350649351,0.0,1.0,0.0,1.0,0.2350649350649351
703,7.06,26,5.0,51,0.1384313725490196,0.0,1.0,2.0,1.0,0.1384313725490196
477,1.94,10,1.0,25,0.0776,2.0,1.0,3.0,0.0,0.0776
822,0.59,21,0.0,27,0.02185185185185185,0.0,1.0,2.0,0.0,0.02185185185185185
772,17.01,28,6.0,97,0.17536082474226805,3.0,1.0,3.0,0.0,0.17536082474226805
106,5.36,11,4.0,30,0.17866666666666667,0.0,1.0,2.0,1.0,0.17866666666666667
566,12.0,25,0.0,75,0.16,0.0,1.0,1.0,2.0,0.16
390,16.23,6,0.0,54,0.3005555555555556,0.0,0.0,1.0,0.0,0.3005555555555556
2,19.04,12,6.0,60,0.3173333333333333,1.0,1.0,1.0,2.0,0.3173333333333333
938,18.33,19,0.0,98,0.1870408163265306,2.0,0.0,0.0,1.0,0.1870408163265306
983,2.58,25,7.0,37,0.06972972972972973,0.0,0.0,0.0,1.0,0.06972972972972973
562,4.65,21,1.0,46,0.10108695652173914,0.0,0.0,1.0,0.0,0.10108695652173914
81,17.33,12,3.0,79,0.2193670886075949,3.0,1.0,1.0,1.0,0.2193670886075949
206,0.68,29,8.0,50,0.013600000000000001,3.0,2.0,1.0,0.0,0.013600000000000001
35,19.33,7,8.0,73,0.26479452054794517,0.0,0.0,0.0,0.0,0.26479452054794517
776,3.42,11,9.0,24,0.1425,0.0,0.0,3.0,2.0,0.1425
509,19.02,22,1.0,106,0.17943396226415093,1.0,2.0,1.0,1.0,0.17943396226415093
428,17.81,21,4.0,122,0.14598360655737705,4.0,2.0,1.0,0.0,0.14598360655737705
455,2.67,17,6.0,28,0.09535714285714285,0.0,0.0,3.0,2.0,0.09535714285714285
898,17.98,5,8.0,45,0.39955555555555555,0.0,1.0,1.0,0.0,0.39955555555555555
565,7.34,22,5.0,93,0.0789247311827957,2.0,0.0,2.0,0.0,0.0789247311827957
346,12.51,18,5.0,62,0.2017741935483871,0.0,0.0,1.0,0.0,0.2017741935483871
777,4.97,17,9.0,34,0.1461764705882353,1.0,1.0,1.0,0.0,0.1461764705882353
242,19.1,18,1.0,101,0.1891089108910891,3.0,1.0,2.0,0.0,0.1891089108910891
14,4.64,15,9.0,24,0.19333333333333333,0.0,1.0,2.0,0.0,0.19333333333333333
316,14.07,10,5.0,63,0.22333333333333333,1.0,1.0,1.0,0.0,0.22333333333333333
601,3.79,13,2.0,34,0.11147058823529411,0.0,0.0,0.0,0.0,0.11147058823529411
274,18.31,25,3.0,79,0.23177215189873415,0.0,0.0,2.0,0.0,0.23177215189873415
167,6.76,7,6.0,42,0.16095238095238096,2.0,0.0,3.0,0.0,0.16095238095238096
841,0.76,26,9.0,28,0.027142857142857142,0.0,1.0,2.0,2.0,0.027142857142857142
993,5.81,14,8.0,41,0.14170731707317072,1.0,0.0,1.0,0.0,0.14170731707317072
647,12.08,16,4.0,60,0.20133333333333334,0.0,2.0,2.0,1.0,0.20133333333333334
819,1.57,16,1.0,30,0.052333333333333336,1.0,1.0,1.0,2.0,0.052333333333333336
485,11.89,28,0.0,79,0.15050632911392406,0.0,0.0,2.0,0.0,0.15050632911392406
981,7.02,23,2.0,53,0.13245283018867923,0.0,0.0,1.0,2.0,0.13245283018867923
505,13.85,29,5.0,71,0.19507042253521126,0.0,1.0,1.0,0.0,0.19507042253521126
832,9.32,24,2.0,71,0.13126760563380283,1.0,0.0,1.0,1.0,0.13126760563380283
244,7.72,19,4.0,64,0.120625,2.0,2.0,1.0,0.0,0.120625
567,8.15,26,2.0,50,0.163,1.0,1.0,2.0,0.0,0.163
876,3.54,17,4.0,41,0.08634146341463415,1.0,0.0,2.0,1.0,0.08634146341463415
687,11.65,10,3.0,53,0.219811320754717,4.0,1.0,3.0,0.0,0.219811320754717
783,5.41,17,6.0,38,0.1423684210526316,0.0,2.0,0.0,1.0,0.1423684210526316
700,9.88,7,0.0,43,0.22976744186046513,1.0,0.0,0.0,2.0,0.22976744186046513
476,19.86,12,8.0,71,0.2797183098591549,1.0,2.0,1.0,0.0,0.2797183098591549
682,5.53,23,4.0,59,0.09372881355932204,4.0,2.0,0.0,0.0,0.09372881355932204
511,12.46,10,1.0,62,0.2009677419354839,2.0,1.0,2.0,0.0,0.2009677419354839
59,1.38,6,3.0,17,0.0811764705882353,0.0,0.0,0.0,2.0,0.0811764705882353
475,10.79,24,1.0,65,0.16599999999999998,0.0,0.0,1.0,1.0,0.16599999999999998
561,14.23,23,7.0,70,0.2032857142857143,0.0,0.0,2.0,1.0,0.2032857142857143
857,1.21,22,1.0,39,0.031025641025641024,3.0,1.0,2.0,0.0,0.031025641025641024
748,11.1,18,7.0,56,0.1982142857142857,0.0,1.0,2.0,0.0,0.1982142857142857
253,17.1,25,5.0,65,0.2630769230769231,0.0,0.0,1.0,0.0,0.2630769230769231
22,3.22,19,9.0,32,0.100625,0.0,0.0,2.0,0.0,0.100625
314,19.27,29,9.0,85,0.22670588235294117,2.0,0.0,0.0,2.0,0.22670588235294117
460,2.82,10,1.0,29,0.09724137931034482,1.0,0.0,1.0,1.0,0.09724137931034482
161,7.67,22,8.0,59,0.13,2.0,0.0,2.0,1.0,0.13
277,16.07,16,5.0,64,0.25109375,0.0,0.0,1.0,0.0,0.25109375
956,7.97,9,8.0,35,0.2277142857142857,4.0,0.0,1.0,1.0,0.2277142857142857
386,16.17,12,2.0,78,0.20730769230769233,0.0,0.0,1.0,1.0,0.20730769230769233
492,12.59,10,2.0,39,0.32282051282051283,0.0,1.0,1.0,1.0,0.32282051282051283
770,16.51,7,1.0,79,0.20898734177215192,0.0,0.0,0.0,0.0,0.20898734177215192
309,16.01,12,4.0,72,0.22236111111111112,0.0,1.0,2.0,2.0,0.22236111111111112
662,19.74,11,7.0,81,0.24370370370370367,1.0,2.0,2.0,1.0,0.24370370370370367
131,8.64,29,4.0,62,0.13935483870967744,3.0,1.0,1.0,0.0,0.13935483870967744
664,5.13,16,1.0,38,0.135,0.0,0.0,0.0,2.0,0.135
872,5.78,11,5.0,38,0.15210526315789474,0.0,2.0,0.0,0.0,0.15210526315789474
100,2.6,16,1.0,29,0.0896551724137931,0.0,1.0,2.0,0.0,0.0896551724137931
373,2.34,8,2.0,28,0.08357142857142856,2.0,0.0,0.0,0.0,0.08357142857142856
88,12.93,20,8.0,58,0.2229310344827586,0.0,0.0,0.0,1.0,0.2229310344827586
459,1.6,14,8.0,24,0.06666666666666667,0.0,0.0,1.0,0.0,0.06666666666666667
122,17.97,28,7.0,92,0.19532608695652173,4.0,0.0,0.0,1.0,0.19532608695652173
615,17.53,14,6.0,79,0.2218987341772152,0.0,1.0,2.0,0.0,0.2218987341772152
21,12.43,13,6.0,70,0.17757142857142857,1.0,2.0,0.0,0.0,0.17757142857142857
701,10.89,7,0.0,58,0.18775862068965518,4.0,0.0,1.0,0.0,0.18775862068965518
72,4.37,6,7.0,25,0.1748,0.0,0.0,1.0,1.0,0.1748
107,8.5,13,3.0,54,0.1574074074074074,0.0,2.0,1.0,2.0,0.1574074074074074
271,16.28,8,9.0,71,0.22929577464788733,1.0,1.0,0.0,1.0,0.22929577464788733
861,15.62,26,2.0,81,0.1928395061728395,3.0,2.0,1.0,1.0,0.1928395061728395
436,14.17,8,0.0,55,0.2576363636363636,0.0,1.0,2.0,0.0,0.2576363636363636
103,6.63,24,3.0,58,0.1143103448275862,2.0,1.0,3.0,1.0,0.1143103448275862
